Weight,Height,BMI
62,165,22.77318640955005
67,177,21.38593635289987
55,160,21.484374999999996
74,180,22.839506172839506
